{
  "channel": "raw",
  "detrended_std": 17182.328619188407,
  "drift_slope_per_min": 945.0273248934129,
  "drift_slope_per_s": 15.750455414890215,
  "input": "Handgrip_Analysis/data/calibration_signals/20260402_stage3_constant_load_4500g_trial01.csv",
  "post_window_mean": -71401.923,
  "pre_window_mean": -189887.153,
  "return_to_zero_error": 118485.23,
  "sampling": {
    "dt_max_s": 0.015008000000079846,
    "dt_mean_s": 0.010776678714095494,
    "dt_median_s": 0.009999999999990905,
    "dt_min_s": 0.00999199999978373,
    "dt_std_s": 0.0018111229318129429,
    "duration_s": 1133.0600000000002,
    "fs_median_hz": 100.00000000009095,
    "n_samples": 105141
  },
  "time_source": "device_clock_us"
}