file,event_index,start_time_s,peak_time_s,end_time_s,duration_s,peak_value,baseline_value,rise_10_90_s,max_dfdt,hold_std_last_20pct
20260402_stage4_fast_max_trial01.csv,1,15.737499999999999,16.9875,18.137500000000003,2.400000000000004,1858053.0,-190257.0,0.4375,9861639.999999959,3802.480598007681
20260402_stage4_fast_max_trial01.csv,2,18.125,18.425,18.900000000000002,0.7750000000000021,-177059.0,-178527.0,0.125,32399.999999994412,296.5442381957548
20260402_stage4_ramp_hold_trial01.csv,1,5.2875000000000005,10.2,29.7619,24.4744,1467717.0,-187361.0,2.299999999999999,286349960.0000163,360784.3797714448
20260402_stage4_sustained_hold_trial01.csv,1,7.55,30.375,34.9625,27.412499999999998,2097151.0,-185777.0,21.825000000000003,160011960.0000091,316695.4473089116
