{
  "fs_hz": 99.99999999999991,
  "input": "Handgrip_Analysis/data/calibration_signals/20260402_stage4_ramp_hold_trial01.csv",
  "n_candidates": 11,
  "rest_input": "Handgrip_Analysis/data/calibration_signals/20260402_stage2_rest_after_warmup_trial01.csv",
  "selected_event_raw_metrics": {
    "event_end_s": 20.56,
    "event_start_s": 8.705,
    "max_dfdt": 2040500.0000000435,
    "n_events": 2.0,
    "peak_time_s": 17.155,
    "peak_value": 2066367.0,
    "plateau_std_last20pct": 212324.76623628053,
    "rise_10_90_s": 3.0600000000000005
  }
}