frequency_hz,psd,prominence_db,alias_hint
0.04882812500004441,450.934994837989,8.806530387212803,
45.94726562504179,0.03087911838546813,4.038702403796641,
