frequency_hz,psd,prominence_db,alias_hint
0.19531250000017764,209702370.6242119,9.41312358830686,
