frequency_hz,psd,prominence_db,alias_hint
0.04882812500004441,445.08510439611047,8.741357950486588,
45.94726562504179,27.92267420135085,4.3972990095646285,
