frequency_hz,psd,prominence_db,alias_hint
32.42187500002949,230382400.06575164,3.8728581354886984,
