{
  "channels": {
    "filtered": {
      "bandpower_0_1_hz": 159.53636556031276,
      "bandpower_12_30_hz": 7.0195593327391075,
      "bandpower_1_4_hz": 104.83169290642965,
      "bandpower_4_12_hz": 31.221320867271444,
      "mean": 70.8052213659856,
      "peak_to_peak": 309.94427220898797,
      "rms": 87.24582060236762,
      "std": 50.97532932276951
    },
    "raw": {
      "bandpower_0_1_hz": 194.25451881676094,
      "bandpower_12_30_hz": 1826.0935332642066,
      "bandpower_1_4_hz": 536.4235790768342,
      "bandpower_4_12_hz": 1337.0477400273785,
      "mean": -189840.7087276551,
      "peak_to_peak": 762.0,
      "rms": 189840.73093972608,
      "std": 91.8346864181156
    }
  },
  "input": "Handgrip_Analysis/data/calibration_signals/20260402_stage2_rest_after_warmup_trial01.csv",
  "sampling": {
    "dt_max_s": 0.015008000000079846,
    "dt_mean_s": 0.01077667690941593,
    "dt_median_s": 0.009999999999990905,
    "dt_min_s": 0.009991999999897416,
    "dt_std_s": 0.0018111200202762926,
    "duration_s": 922.365,
    "fs_median_hz": 100.00000000009095,
    "n_samples": 85590
  },
  "time_source": "device_clock_us"
}